{
  "hosting": {
    "public": "public",
    "ignore": [
      "firebase.json",
      "**/.*",
      "**/node_modules/**"
    ],
    "rewrites": [
      {
        "source": "/login",
        "destination": "/login.html"
      },
      {
        "source": "/signup",
        "destination": "/signup.html"
      },
      {
        "source": "/dashboard",
        "destination": "/dashboard.html"
      },
      {
        "source": "/map",
        "destination": "/map.html"
      },
      {
        "source": "**",
        "destination": "/index.html"
      }
    ],
    "cleanUrls": true,
    "trailingSlash": false,
    "headers": [
      {
        "source": "**/*.@(html|css|js)",
        "headers": [
          {
            "key": "Cache-Control",
            "value": "max-age=3600"
          }
        ]
      }
    ]
  }
}
